{
  "data_info": {
    "total_samples": 767,
    "train_samples": 536,
    "test_samples": 231,
    "features_used": [
      "video_duration",
      "tags_count",
      "description_length",
      "subscribers",
      "object_complexity",
      "element_complexity",
      "brightness",
      "colorfulness",
      "days_since_publish"
    ],
    "excluded_features": [
      "likes",
      "comment_count",
      "video_id",
      "title",
      "thumbnail_link",
      "keyword",
      "thumbnail_path",
      "time_duration",
      "published_at"
    ]
  },
  "model_results": {
    "Linear Regression": {
      "cv_r2_mean": -0.01379373363460723,
      "cv_r2_std": 0.23894883067362707,
      "train_r2": 0.11968843994946643,
      "test_r2": 0.15826648690226475,
      "train_mse": 0.32346271048473163,
      "test_mse": 0.29008724882499093,
      "train_mae": 0.4691425642309837,
      "test_mae": 0.44334810109478634
    },
    "Ridge Regression": {
      "cv_r2_mean": -0.011127055992009537,
      "cv_r2_std": 0.23370365519682407,
      "train_r2": 0.1196880195996235,
      "test_r2": 0.15824479032575323,
      "train_mse": 0.3234628649385701,
      "test_mse": 0.29009472613234677,
      "train_mae": 0.469182798933767,
      "test_mae": 0.4433699927054999
    },
    "Lasso Regression": {
      "cv_r2_mean": 0.006495433919878524,
      "cv_r2_std": 0.012226317240996779,
      "train_r2": 0.019489546367988386,
      "test_r2": 0.02970270062658198,
      "train_mse": 0.3602799092769133,
      "test_mse": 0.33439428243944863,
      "train_mae": 0.5033111421517875,
      "test_mae": 0.4841338105831421
    },
    "Random Forest": {
      "cv_r2_mean": 0.3455940760091275,
      "cv_r2_std": 0.08049382776762884,
      "train_r2": 0.9093680322669184,
      "test_r2": 0.41389799802433846,
      "train_mse": 0.03330191635541446,
      "test_mse": 0.20198877036299923,
      "train_mae": 0.14189150903111677,
      "test_mae": 0.35630611625433994
    },
    "SVM (RBF)": {
      "cv_r2_mean": 0.16054020118904963,
      "cv_r2_std": 0.05486018300251663,
      "train_r2": 0.4096110567560455,
      "test_r2": 0.1544415416603795,
      "train_mse": 0.21693320466102192,
      "test_mse": 0.29140544255835116,
      "train_mae": 0.34985825256642317,
      "test_mae": 0.43014447101734227
    },
    "LightGBM": {
      "cv_r2_mean": 0.30472009373273756,
      "cv_r2_std": 0.08782158514848039,
      "train_r2": 0.9170040547470216,
      "test_r2": 0.3804409306711515,
      "train_mse": 0.030496127313413553,
      "test_mse": 0.2135191044547482,
      "train_mae": 0.1392380698222296,
      "test_mae": 0.36763240591890317
    },
    "XGBoost": {
      "cv_r2_mean": 0.2232586814810452,
      "cv_r2_std": 0.08049690412481729,
      "train_r2": 0.9998275601273726,
      "test_r2": 0.3985275792581162,
      "train_mse": 6.336150872820484e-05,
      "test_mse": 0.2072858892537184,
      "train_mae": 0.005146409210185475,
      "test_mae": 0.36194377340427986
    },
    "PCA + Linear Regression": {
      "cv_r2_mean": 0.07811619913523157,
      "cv_r2_std": 0.029207427425502617,
      "test_r2": 0.17853380241264205,
      "test_mse": 0.28310250875466086
    },
    "PCA + Ridge Regression": {
      "cv_r2_mean": 0.07823615365449117,
      "cv_r2_std": 0.029113046188846574,
      "test_r2": 0.17840972498986618,
      "test_mse": 0.2831452696494741
    },
    "PCA + Lasso Regression": {
      "cv_r2_mean": 0.01846760183077345,
      "cv_r2_std": 0.018253192017192055,
      "test_r2": 0.05201595077604437,
      "test_mse": 0.3267044503875201
    },
    "PCA + Random Forest": {
      "cv_r2_mean": 0.10428057277262595,
      "cv_r2_std": 0.04094516944592218,
      "test_r2": 0.13964527093749346,
      "test_mse": 0.2965046923803948
    },
    "PCA + SVM (RBF)": {
      "cv_r2_mean": 0.12333285833986374,
      "cv_r2_std": 0.022734328002224143,
      "test_r2": 0.11306834183277159,
      "test_mse": 0.30566391929276127
    },
    "PCA + LightGBM": {
      "cv_r2_mean": 0.022002641759323316,
      "cv_r2_std": 0.04839738358992981,
      "test_r2": 0.027747629017949915,
      "test_mse": 0.3350680602270488
    },
    "PCA + XGBoost": {
      "cv_r2_mean": -0.09354932298390355,
      "cv_r2_std": 0.09541981738505415,
      "test_r2": -0.03439179491421118,
      "test_mse": 0.35648321627294743
    }
  },
  "best_model": {
    "name": "Random Forest",
    "test_r2": 0.41389799802433846,
    "cv_r2_mean": 0.3455940760091275,
    "cv_r2_std": 0.08049382776762884
  },
  "pca_info": {
    "n_components": 5,
    "cumulative_variance_ratio": 0.734731671936684,
    "variance_ratio": [
      0.21596582946603957,
      0.18205693429617018,
      0.13111912444306756,
      0.10616209359559559,
      0.09942769013581108
    ]
  }
}