{
  "system_info": {
    "cpu_cores_used": 32,
    "total_processing_time": 1898.7352786064148
  },
  "data_info": {
    "total_samples": 767,
    "train_samples": 536,
    "test_samples": 231,
    "features_used": [
      "video_duration",
      "tags_count",
      "description_length",
      "subscribers",
      "object_complexity",
      "element_complexity",
      "brightness",
      "colorfulness",
      "days_since_publish"
    ],
    "excluded_features": [
      "likes",
      "comment_count",
      "video_id",
      "title",
      "thumbnail_link",
      "keyword",
      "thumbnail_path",
      "time_duration",
      "published_at"
    ]
  },
  "model_results": {
    "Ridge Regression": {
      "cv_r2_mean": -0.01193394808447763,
      "cv_r2_std": 0.234426624439067,
      "train_r2": 0.11864907564435234,
      "test_r2": 0.15687421595265594,
      "train_mse": 0.3238446157221159,
      "test_mse": 0.2905670682014402,
      "train_mae": 0.4695404856188066,
      "test_mae": 0.44408642176901314,
      "elapsed_time": 7.817420959472656
    },
    "Linear Regression": {
      "cv_r2_mean": -0.014599410231276599,
      "cv_r2_std": 0.23967280764369486,
      "train_r2": 0.11864949457927343,
      "test_r2": 0.15689562392240908,
      "train_mse": 0.32384446178817794,
      "test_mse": 0.29055969035684687,
      "train_mae": 0.46950054972986605,
      "test_mae": 0.4440638077462917,
      "elapsed_time": 7.838911771774292
    },
    "SVM (RBF)": {
      "cv_r2_mean": 0.161997789638559,
      "cv_r2_std": 0.050189531835747814,
      "train_r2": 0.40986054451972953,
      "test_r2": 0.15592396872473635,
      "train_mse": 0.21684153258497946,
      "test_mse": 0.2908945526127906,
      "train_mae": 0.35036464867706346,
      "test_mae": 0.4290638689687863,
      "elapsed_time": 7.866644382476807
    },
    "Lasso Regression": {
      "cv_r2_mean": 0.006495433919878524,
      "cv_r2_std": 0.012226317240996779,
      "train_r2": 0.019489546367988386,
      "test_r2": 0.02970270062658198,
      "train_mse": 0.3602799092769133,
      "test_mse": 0.33439428243944863,
      "train_mae": 0.5033111421517875,
      "test_mae": 0.4841338105831421,
      "elapsed_time": 7.946478366851807
    },
    "Random Forest": {
      "cv_r2_mean": 0.35176133139642235,
      "cv_r2_std": 0.08890527005239057,
      "train_r2": 0.9138738227650991,
      "test_r2": 0.4239469843875213,
      "train_mse": 0.031646303418405894,
      "test_mse": 0.19852558069285348,
      "train_mae": 0.13886492866098413,
      "test_mae": 0.3545027390626395,
      "elapsed_time": 10.472103834152222
    },
    "XGBoost": {
      "cv_r2_mean": 0.22492449063063882,
      "cv_r2_std": 0.09654687989543244,
      "train_r2": 0.9997812419218884,
      "test_r2": 0.34771913853926706,
      "train_mse": 8.038072439073828e-05,
      "test_mse": 0.22479604009822593,
      "train_mae": 0.00579933146921504,
      "test_mae": 0.3701727843539142,
      "elapsed_time": 648.5279629230499
    },
    "LightGBM": {
      "cv_r2_mean": 0.29932302841584785,
      "cv_r2_std": 0.1024836791352605,
      "train_r2": 0.9174501840020908,
      "test_r2": 0.37577769337252775,
      "train_mse": 0.030332201057506045,
      "test_mse": 0.21512619940525987,
      "train_mae": 0.1397672651647498,
      "test_mae": 0.3630599483055888,
      "elapsed_time": 989.9747931957245
    },
    "PCA + Lasso Regression": {
      "cv_r2_mean": 0.018053678096661873,
      "cv_r2_std": 0.018140033160367195,
      "train_r2": 0.033471503843437445,
      "test_r2": 0.05145896469972022,
      "train_mse": 0.355142362449025,
      "test_mse": 0.32689640491469596,
      "train_mae": 0.4994119545920494,
      "test_mae": 0.477961258581691,
      "elapsed_time": 3.067178964614868
    },
    "PCA + SVM (RBF)": {
      "cv_r2_mean": 0.12166824049450901,
      "cv_r2_std": 0.02202217126551577,
      "train_r2": 0.30112734905251237,
      "test_r2": 0.11376321277623647,
      "train_mse": 0.25679458525586935,
      "test_mse": 0.30542444540091596,
      "train_mae": 0.39527827384913117,
      "test_mae": 0.4379591672401358,
      "elapsed_time": 3.1355769634246826
    },
    "PCA + Linear Regression": {
      "cv_r2_mean": 0.07784496908789751,
      "cv_r2_std": 0.02991739160000429,
      "train_r2": 0.10199932710943582,
      "test_r2": 0.17771701290127895,
      "train_mse": 0.32996241882092353,
      "test_mse": 0.28338399953355176,
      "train_mae": 0.47758710615049066,
      "test_mae": 0.439197311428914,
      "elapsed_time": 3.157050371170044
    },
    "PCA + Ridge Regression": {
      "cv_r2_mean": 0.07796634705621666,
      "cv_r2_std": 0.02981988852838342,
      "train_r2": 0.10199908220157705,
      "test_r2": 0.17759221272176884,
      "train_mse": 0.32996250881015393,
      "test_mse": 0.2834270095125577,
      "train_mae": 0.47759848529724397,
      "test_mae": 0.4392554480653519,
      "elapsed_time": 3.191983461380005
    },
    "PCA + Random Forest": {
      "cv_r2_mean": 0.08978326826291896,
      "cv_r2_std": 0.04355409272017351,
      "train_r2": 0.8739217630460409,
      "test_r2": 0.13056819434846456,
      "train_mse": 0.04632633502611604,
      "test_mse": 0.29963293205971403,
      "train_mae": 0.1761626956350947,
      "test_mae": 0.43512578282621694,
      "elapsed_time": 4.844473838806152
    },
    "PCA + XGBoost": {
      "cv_r2_mean": -0.024983918846742358,
      "cv_r2_std": 0.09412541854078849,
      "train_r2": 0.9994614682184317,
      "test_r2": -0.026203710886783638,
      "train_mse": 0.0001978787484492926,
      "test_mse": 0.3536613507636095,
      "train_mae": 0.009705976630864678,
      "test_mae": 0.458157998976885,
      "elapsed_time": 239.61809611320496
    },
    "PCA + LightGBM": {
      "cv_r2_mean": -0.004536500273405064,
      "cv_r2_std": 0.06642536318904085,
      "train_r2": 0.8437292349343251,
      "test_r2": 0.07716837002744814,
      "train_mse": 0.05742031291144723,
      "test_mse": 0.31803615336904884,
      "train_mae": 0.18879416012732728,
      "test_mae": 0.44183550443098796,
      "elapsed_time": 538.0400652885437
    }
  },
  "best_model": {
    "name": "Random Forest",
    "test_r2": 0.4239469843875213,
    "cv_r2_mean": 0.35176133139642235,
    "cv_r2_std": 0.08890527005239057
  },
  "pca_info": {
    "n_components": 5,
    "cumulative_variance_ratio": 0.734744363981397,
    "variance_ratio": [
      0.2159426438128694,
      0.18208328759957326,
      0.13246661893285872,
      0.10482040201196036,
      0.09943141162413517
    ]
  }
}