{
  "explained_variance_ratio": [
    0.24810675645817704,
    0.205925506091838,
    0.13662875916854364,
    0.11034768588568562,
    0.10153836683143233,
    0.07864148480824767,
    0.07409605888573526,
    0.044715381870340326
  ],
  "cumulative_variance_ratio": [
    0.24810675645817704,
    0.45403226255001505,
    0.5906610217185587,
    0.7010087076042444,
    0.8025470744356767,
    0.8811885592439244,
    0.9552846181296596,
    0.9999999999999999
  ],
  "n_components_80": 5,
  "n_components_90": 7,
  "loadings": {
    "PC1": {
      "video_duration": 0.5671563576588067,
      "tags_count": 0.6625153968313848,
      "description_length": 0.7005050644621541,
      "subscribers": 0.3220077045332691,
      "object_complexity": -0.07458341164061447,
      "element_complexity": -0.01305381269576641,
      "brightness": 0.3674663025075238,
      "colorfulness": 0.7012070892115913
    },
    "PC2": {
      "video_duration": 0.10740749013882997,
      "tags_count": 0.03063410715968202,
      "description_length": -0.00021762282215686873,
      "subscribers": 0.09048585927213598,
      "object_complexity": 0.9007630282253434,
      "element_complexity": 0.9032848637608564,
      "brightness": -0.02383740903824781,
      "colorfulness": -0.03203671374621124
    }
  },
  "feature_importance": {
    "colorfulness": 0.4973919038928134,
    "description_length": 0.49689393199253634,
    "tags_count": 0.4699464675389623,
    "video_duration": 0.402304803931757,
    "brightness": 0.2606573245375689,
    "subscribers": 0.22841187388170756,
    "object_complexity": 0.05290474908982625,
    "element_complexity": 0.009259548070325047
  }
}